{
  "halted": false,
  "lastActionAt": 1771491791286,
  "backoffUntilMs": 1771244661482,
  "errStreak": 0,
  "exitsPlacedForPosKey": "short:66947.00:0.11643:0.001000",
  "lastExitAtMs": 1771462943574,
  "activeSide": "short",
  "entryPx": 66947,
  "entryNotionalUsd": 7794.63921,
  "initialSz": 0.11643,
  "marginUsd": null,
  "stopPct": 0.001,
  "stopPx": 67013.94699999999,
  "tp1Done": false,
  "tp2Done": false,
  "lastSignalAtMs": 1771489406458,
  "lastFillTimeMs": 1771491620998,
  "lastLossAtMs": 1771491620998
}